iter	Logloss
0	0.6135713103
1	0.5568797326
2	0.5113708652
3	0.4777739001
4	0.454172641
5	0.4331916059
6	0.4122376886
7	0.3989554016
8	0.3891788888
